{"cameraAperture": [6.400000095367432, 15.290800094604492], "cameraApertureOffset": [0.0, 0.0], "cameraFisheyeLensP": [], "cameraFisheyeLensS": [], "cameraFisheyeMaxFOV": 0.0, "cameraFisheyeNominalHeight": 0, "cameraFisheyeNominalWidth": 0, "cameraFisheyeOpticalCentre": [0.0, 0.0], "cameraFisheyePolynomial": [0.0, 0.0, 0.0, 0.0, 0.0, 0.0], "cameraFocalLength": 5.940000057220459, "cameraFocusDistance": 400.0, "cameraFStop": 0.0, "cameraModel": "pinhole", "cameraNearFar": [0.10000000149011612, 100.0], "cameraOpenCVFx": 0.0, "cameraOpenCVFy": 0.0, "cameraProjection": [1.8562499982537701, 0.0, 0.0, 0.0, 0.0, 2.2187988260377094, 0.0, 0.0, 0.0, 0.0, 0.0010010010159320092, -1.0, 0.0, 0.0, 0.10010010159320093, 0.0], "cameraViewTransform": [0.7157181314268948, -0.4056867651321866, 0.5684767408991996, 0.0, 5.55111512312578e-17, 0.8139826522307796, 0.5808891820884126, 0.0, -0.6983892584703703, -0.4157529199704161, 0.5825821428685222, 0.0, -2.685267974350324e-08, -2.1528518467928127e-08, -1.5107736489652506, 1.0], "metersPerSceneUnit": 1.0, "renderProductResolution": [2448, 2048]}