{"cameraAperture": [6.400000095367432, 15.290800094604492], "cameraApertureOffset": [0.0, 0.0], "cameraFisheyeLensP": [], "cameraFisheyeLensS": [], "cameraFisheyeMaxFOV": 0.0, "cameraFisheyeNominalHeight": 0, "cameraFisheyeNominalWidth": 0, "cameraFisheyeOpticalCentre": [0.0, 0.0], "cameraFisheyePolynomial": [0.0, 0.0, 0.0, 0.0, 0.0, 0.0], "cameraFocalLength": 5.940000057220459, "cameraFocusDistance": 400.0, "cameraFStop": 0.0, "cameraModel": "pinhole", "cameraNearFar": [0.10000000149011612, 100.0], "cameraOpenCVFx": 0.0, "cameraOpenCVFy": 0.0, "cameraProjection": [1.8562499982537701, 0.0, 0.0, 0.0, 0.0, 2.2187988260377094, 0.0, 0.0, 0.0, 0.0, 0.0010010010159320092, -1.0, 0.0, 0.0, 0.10010010159320093, 0.0], "cameraViewTransform": [-0.3634982751466459, -0.7991710456111237, 0.47874277417234873, 0.0, 1.942890293094024e-16, 0.5138958886473269, 0.8578525605436954, 0.0, -0.9315948711566704, 0.31182792608776644, -0.1868002691282561, 0.0, 8.524529304225162e-09, 7.149464936739847e-08, -1.8540343482134025, 1.0], "metersPerSceneUnit": 1.0, "renderProductResolution": [2448, 2048]}