{"cameraAperture": [6.400000095367432, 15.290800094604492], "cameraApertureOffset": [0.0, 0.0], "cameraFisheyeLensP": [], "cameraFisheyeLensS": [], "cameraFisheyeMaxFOV": 0.0, "cameraFisheyeNominalHeight": 0, "cameraFisheyeNominalWidth": 0, "cameraFisheyeOpticalCentre": [0.0, 0.0], "cameraFisheyePolynomial": [0.0, 0.0, 0.0, 0.0, 0.0, 0.0], "cameraFocalLength": 5.940000057220459, "cameraFocusDistance": 400.0, "cameraFStop": 0.0, "cameraModel": "pinhole", "cameraNearFar": [0.10000000149011612, 100.0], "cameraOpenCVFx": 0.0, "cameraOpenCVFy": 0.0, "cameraProjection": [1.8562499982537701, 0.0, 0.0, 0.0, 0.0, 2.2187988260377094, 0.0, 0.0, 0.0, 0.0, 0.0010010010159320092, -1.0, 0.0, 0.0, 0.10010010159320093, 0.0], "cameraViewTransform": [-0.6483859176960242, -0.5341191668872763, 0.5425056841150386, 0.0, 1.110223024625156e-16, 0.7125932674299973, 0.7015773907513266, 0.0, -0.7613118294979293, 0.4548929003370812, -0.46203543964660715, 0.0, 1.7600667535648326e-08, 2.396008988991837e-07, -1.9707650876992528, 0.9999999999999998], "metersPerSceneUnit": 1.0, "renderProductResolution": [2448, 2048]}