{"cameraAperture": [6.400000095367432, 15.290800094604492], "cameraApertureOffset": [0.0, 0.0], "cameraFisheyeLensP": [], "cameraFisheyeLensS": [], "cameraFisheyeMaxFOV": 0.0, "cameraFisheyeNominalHeight": 0, "cameraFisheyeNominalWidth": 0, "cameraFisheyeOpticalCentre": [0.0, 0.0], "cameraFisheyePolynomial": [0.0, 0.0, 0.0, 0.0, 0.0, 0.0], "cameraFocalLength": 5.940000057220459, "cameraFocusDistance": 400.0, "cameraFStop": 0.0, "cameraModel": "pinhole", "cameraNearFar": [0.10000000149011612, 100.0], "cameraOpenCVFx": 0.0, "cameraOpenCVFy": 0.0, "cameraProjection": [1.8562499982537701, 0.0, 0.0, 0.0, 0.0, 2.2187988260377094, 0.0, 0.0, 0.0, 0.0, 0.0010010010159320092, -1.0, 0.0, 0.0, 0.10010010159320093, 0.0], "cameraViewTransform": [0.6457176708362379, -0.4364752792771186, 0.626528546955193, 0.0, 2.2204460492503136e-16, 0.8205186410029092, 0.5716197685233948, 0.0, -0.7635762500037729, -0.3691049855348758, 0.5298233857461138, 0.0, -3.019713273498528e-08, -1.664594873052039e-08, -1.423903192107191, 1.0000000000000002], "metersPerSceneUnit": 1.0, "renderProductResolution": [2448, 2048]}