{"cameraAperture": [6.400000095367432, 15.290800094604492], "cameraApertureOffset": [0.0, 0.0], "cameraFisheyeLensP": [], "cameraFisheyeLensS": [], "cameraFisheyeMaxFOV": 0.0, "cameraFisheyeNominalHeight": 0, "cameraFisheyeNominalWidth": 0, "cameraFisheyeOpticalCentre": [0.0, 0.0], "cameraFisheyePolynomial": [0.0, 0.0, 0.0, 0.0, 0.0, 0.0], "cameraFocalLength": 5.940000057220459, "cameraFocusDistance": 400.0, "cameraFStop": 0.0, "cameraModel": "pinhole", "cameraNearFar": [0.10000000149011612, 100.0], "cameraOpenCVFx": 0.0, "cameraOpenCVFy": 0.0, "cameraProjection": [1.8562499982537701, 0.0, 0.0, 0.0, 0.0, 2.2187988260377094, 0.0, 0.0, 0.0, 0.0, 0.0010010010159320092, -1.0, 0.0, 0.0, 0.10010010159320093, 0.0], "cameraViewTransform": [-0.1731279405841113, -0.8224627369293042, 0.5418318581920623, 0.0, -1.3877787807814457e-17, 0.5501393233187214, 0.8350728860036226, 0.0, -0.9848993431762987, 0.14457444899143754, -0.09524448808050683, 0.0, -5.702437747244293e-08, -6.841503218113498e-08, -2.2967449100592314, 1.0], "metersPerSceneUnit": 1.0, "renderProductResolution": [2448, 2048]}